ID	epi
HMLAH15	HA:Stem
HMLAH8	HA:Stem
20A-518-30_1D07	HA:Unk
20A-518-30_1D08	HA:Unk
20A-518-30_1F06	HA:Unk
20A-518-30_1G05	HA:Unk
20A-518-30_1H01	HA:Unk
20A-604-30_1A04	HA:Unk
20A-604-30_1A08	HA:Unk
20A-604-30_1F02	HA:Unk
20A-604-30_1G01	HA:Unk
20A-604-30_1H02	HA:Unk
20A-604-30_2F08	HA:Unk
20A-605-30_1B07	HA:Unk
20A-605-30_1D07	HA:Unk
20A-605-30_1F07	HA:Unk
20A-605-30_1F08	HA:Unk
20A-605-30_1F10	HA:Unk
20A-605-30_2A10	HA:Unk
20A-605-30_2C01	HA:Unk
20A-609-30_1F11	HA:Unk
20A-609-30_1G08	HA:Unk
20A-609-30_2D12	HA:Unk
20A-618-30_1C04	HA:Unk
20A-618-30_1C07	HA:Unk
20A-618-30_1D04	HA:Unk
20A-618-30_1D09	HA:Unk
20A-618-30_1G05	HA:Unk
20A-618-30_2B06	HA:Unk
20A-618-30_2E11	HA:Unk
20A-618-30_2H01	HA:Unk
20A-618-30_2H03	HA:Unk
20A-620-30_1B07	HA:Unk
20A-620-30_1B09	HA:Unk
20A-620-30_1B10	HA:Unk
20A-620-30_1E04	HA:Unk
20A-620-30_1F07	HA:Unk
20A-620-30_1F10	HA:Unk
20A-620-30_1H05	HA:Unk
20A-620-30_2C05	HA:Unk
20A-620-30_2D06	HA:Unk
20A-620-30_2F11	HA:Unk
20A-620-30_2G09	HA:Unk
20A-623-30_1A08	HA:Unk
20A-623-30_1C10	HA:Unk
20A-623-30_1F03	HA:Unk
20A-623-30_1F06	HA:Unk
20A-623-30_1G03	HA:Unk
20A-623-30_1H01	HA:Unk
20A-678-41_1A05	HA:Unk
20A-678-41_1C09	HA:Unk
20A-678-41_1G10	HA:Unk
20A-678-41_2A01	HA:Unk
20A-678-41_2E02	HA:Unk
315_05Mem_1A10	HA:Unk
315_05Mem_1B04	HA:Unk
315_05Mem_1C03	HA:Unk
315_05Mem_1E03	HA:Unk
315_05Mem_1E07	HA:Unk
315_05Mem_1F12	HA:Unk
315_24Mem_1D06	HA:Unk
315-02-04_1C02	HA:Unk
315-02-04_1E10	HA:Unk
315-02-06_1H01	HA:Unk
315-02-08_1A06	HA:Unk
315-02-08_1B10	HA:Unk
315-02-08_1C03	HA:Unk
315-02-08_1G03	HA:Unk
315-05-04_1F12	HA:Unk
315-05-08_1C09	HA:Unk
315-06-04_1B12	HA:Unk
315-06-04_1D02	HA:Unk
315-06-04_1D10	HA:Unk
315-06-04_1F02	HA:Unk
315-06-05M_1G03	HA:Unk
315-06-05M_1H05	HA:Unk
315-06-06_1A01	HA:Unk
315-06-06_1A03	HA:Unk
315-06-06_1A11	HA:Unk
315-06-06_1C05	HA:Unk
315-06-06_1D09	HA:Unk
315-06-06_5E02	HA:Unk
315-06-08_1G02	HA:Unk
315-09-04_1A04	HA:Unk
315-09-04_1B09	HA:Unk
315-09-04_1B10	HA:Unk
315-09-05M_1C10	HA:Unk
315-09-05M_1D02	HA:Unk
315-09-05M_1E08	HA:Unk
315-09-06_1D09	HA:Unk
315-09-06_1G05	HA:Unk
315-09-06_5E06	HA:Unk
315-09-08_1A05	HA:Unk
315-09-08_1C01	HA:Unk
315-09-08_1D10	HA:Unk
315-09-08_1E10	HA:Unk
315-21-04_1E09	HA:Unk
315-21-05M_1F06	HA:Unk
315-21-06_1G07	HA:Unk
315-21-08_1A07	HA:Unk
315-21-08_1C07	HA:Unk
315-21-08_1E10	HA:Unk
315-21-08_1G05	HA:Unk
315-24-04_1A06	HA:Unk
315-24-04_1B09	HA:Unk
315-24-04_1D10	HA:Unk
315-24-04_1E03	HA:Unk
315-24-04_1F08	HA:Unk
315-24-06_1E01	HA:Unk
315-24-06_1E02	HA:Unk
315-24-06_1F11	HA:Unk
315-24-06_1G10	HA:Unk
315-24-08_1C05	HA:Unk
315-24-08_1E08	HA:Unk
315-53-04_1F05	HA:Unk
315-53-04_1G07	HA:Unk
315-53-06_1C11	HA:Unk
315-53-06_1F01	HA:Unk
315-53-08_1D04	HA:Unk
315-54-05M_1B11	HA:Unk
315-54-05M_1D04	HA:Unk
315-54-05M_1H04	HA:Unk
315-54-06_1D01	HA:Unk
315-54-06_4C08	HA:Unk
315-54-08_1A06	HA:Unk
315-54-08_1F01	HA:Unk
315-54-08_1F11	HA:Unk
018_10_4D03_1	HA:Stem
029_09_4A01_1	HA:Stem
030_09_1A06_1	HA:Stem
030_09_1E04	HA:Stem
030_09M_1D06	HA:Stem
030_09M_1D06_1	HA:Stem
030M_10_1F03_1	HA:Stem
039_10_4B04_1	HA:Unk
039_10_5G02_1	HA:Stem
039_10_5G05_1	HA:Stem
042_10_4D02_1	HA:Unk
047_09_4F01_1	HA:Stem
047_10M_2D03_1	HA:Stem
051_09_4C06_1	HA:Stem
051_09_4E06_1	HA:Stem
SFV019_4E03	HA:Stem
CR6261	HA:Stem
CR9114	HA:Stem
H1N1_296-16-IgG-2A02_	HA:Stem
H1N1_300-16-IgG-2E03_	HA:Stem
H1N1_301-16-IgG-2B04_	HA:Stem
019-10117_3E04	HA:Unk
042-100809_3C06_1	HA:Unk
AG12-2E01_1	Unknown
AG2-C05_1	Unknown
AG7-3C01_1	HA:Unk
AG7-G05_1	HA:Unk
AG8-2G02	Unknown
AG9-4G01_1	HA:Unk
C8-2-F02_1	HA:Unk
150055-005_2D02	HA:Head
150055-005_2D02_1	HA:Head
150055-005_2D06_1	HA:Stem
150055-010_2G01_1	HA:Head
150055-010_2G01	HA:Head
150055-032_2D05_1	HA:Head
150055-032_4B04	HA:Head
150055-032_4B04_1	HA:Head
150055-037_4F05_1	HA:Head
mbc_T1-10A	HA:Stem
mbc_T2-4C	HA:Stem
mbc_T3-8A	HA:Stem
T2-5A_1	HA:Stem
01.s.01_Heavy_1	HA:Unk
01.t.01_Heavy	HA:Unk
16.k.01_Heavy_1	HA:Unk
16.l.01_Heavy_1	HA:Unk
16.m.01_Heavy_1	HA:Unk
16.n.01_Heavy_1	HA:Unk
16.ND.91_Heavy_1	HA:Unk
31.f.01_Heavy_1	HA:Stem
54.ND.03_Heavy	HA:Unk
56.ND.11_Heavy	HA:Unk
2G1	HA:Head
8M2	HA:Head
10A14_1	HA:Stem
8D4_1	HA:Stem
F004-003	Unknown
F004-108_1	Unknown
F004-108	Unknown
F004-128	Unknown
F004-132	Unknown
F004-143	Unknown
F010-073_1	Unknown
148	HA:Stem
3809	HA:Stem
SFV005-1C01	Unknown
SFV009_2A06	HA:Stem
SFV014-2B06	Unknown
SFV015_1A01_1	HA:Head
K77-2C12_1	HA:Unk
K77-2D05_1	HA:Unk
R95-1B12	HA:Unk
R95-1C01_1	HA:Head
R95-1E05_1	HA:Head
R95-1G02	HA:Unk
R95-2B07	HA:Unk
R95-2D06	HA:Unk
W85-1C10_1	HA:Unk
W85-1D11	HA:Unk
W85-3H03_1	HA:Unk
W85-3H05	HA:Unk
1C06_	HA or NP or M1
2B04_	HA or NP or M1
F022-360	HA:Head
F022-360_1	HA:Head
F026-146_1	HA:Head
F026-146	HA:Head
F026-427	HA:Head
F045-092	HA:Head
F045-092_1	HA:Head
F057-224	Unknown
FI12V	HA:Stem
FI1309V	HA:Stem
FI152V	HA:Stem
FI174V	HA:Stem
FI182V	HA:Stem
FI206V	HA:Stem
FI225V	HA:Stem
FI3005V	HA:Stem
FI3016V	HA:Stem
FI3066V	HA:Stem
FI3120V	HA:Stem
FI339V	HA:Stem
FI353V	HA:Stem
FI373V	HA:Stem
FI390V	HA:Stem
FI392V	HA:Stem
FI393V	HA:Stem
FI4004V	HA:Stem
FI4007V	HA:Stem
FI400V	HA:Stem
FI4012V	HA:Stem
FI431V	HA:Stem
FI432V	HA:Stem
FI469V	HA:Stem
FI499V	HA:Stem
FI501V	HA:Stem
FI5119V	HA:Stem
FI5138V	HA:Stem
FI5141V	HA:Stem
FI5153V	HA:Stem
FI520V	HA:Stem
FI521V	HA:Stem
FI823V	HA:Stem
FI891V	HA:Stem
1p49w59	unknown
1p51w62	unknown
2p19w83	unknown
2p22w47	unknown
2p23w40	unknown
3p4w35	unknown
I4-128	HA:Stem
I5-24	HA:Stem
I8-1B6	HA:Stem
V3-1G10	HA:Stem
V3-2C3	HA:Stem
V3-2G6	HA:Stem
V3-3D2	HA:Stem
321.11.GC.6.1D06_1	unknown
321.11.GC.6.2A02_1	unknown
321.11.GC.6.2A08	unknown
321.11.GC.6.2A08_1	unknown
321.11.PB.6.1B11_1	unknown
321.11.PB.6.1H03	unknown
321.11.PB.6.1H03_1	unknown
321.11.PB.6.4H03_1	unknown
321.4.GC.12.3B04_1	unknown
321.4.GC.5.2H01_1	unknown
321.5.GC.12.1A10_1	unknown
321.5.GC.12.2A07_1	unknown
321.5.GC.12.3A02_1	unknown
321.5.GC.12.3A02	unknown
321.5.GC.12.3B02_1	unknown
321.5.GC.12.3C10_1	unknown
321.5.GC.12.4B07_1	unknown
321.5.GC.28.1C09_1	unknown
321.5.GC.28.1C11_1	unknown
321.5.GC.28.1D02_1	unknown
321.5.GC.60.1B11	unknown
321.5.GC.60.1D11_1	unknown
321.5.GC.60.1F03_1	unknown
321.5.PB.5.2A06_1	unknown
321.5.PB.5.2H02_1	unknown
321.5.PB.5.3C10_1	unknown
321.5.PB.5.3D08_1	unknown
321.5.PB.5.4B01_1	unknown
321.5.PB.5.4D03	unknown
321.5.PB.5.5A04_1	unknown
321.5.PB.5.5B11_1	unknown
321.5.PB.5.5C05_1	unknown
321.5.PB.5.5D09_1	unknown
321.5.PB.5.5E03_1	unknown
321.5.PB.5.5F06	unknown
321.5.PB.5.6B02_1	unknown
321.5.PB.5.6C09	unknown
321.5.PB.5.7A01_1	unknown
321.5.PB.5.7A11_1	unknown
321.5.PB.5.7B04	unknown
321.5.PB.5.7B04_1	unknown
321.5.PB.5.7C11_1	unknown
321.5.PB.5.7D11_1	unknown
321.5.PB.5.7E02_1	unknown
321.5.PB.5.7G07_1	unknown
310-18A3	HA:Stem
310-18A4	HA:Unk
310-18A5	HA:Unk
310-18A7	HA:Unk
310-18A8	HA:Unk
310-18A9	HA:Unk
310-18B11	HA:Unk
310-18B3	HA:Unk
310-18B7	HA:Unk
310-18B8	HA:Unk
310-18C1	HA:Unk
310-18C12	HA:Unk
310-18C2	HA:Unk
310-18C5	HA:Unk
310-18C7	HA:Unk
310-18C9	HA:Unk
310-18D2	HA:Unk
310-18D3	HA:Unk
310-18D4	HA:Unk
310-18D9	HA:Unk
310-18E10	HA:Unk
310-18E2	HA:Unk
310-18E8	HA:Unk
310-18F1	HA:Unk
310-18F7	HA:Unk
310-18G11	HA:Unk
310-18H10	HA:Unk
310-18H3	HA:Unk
310-18H7	HA:Unk
1009-3A02_1	unknown
1009-3B05_1	HA:Stem
1009-3G06_1	unknown
70-1F02_1	HA:Stem
70-1F03_1	unknown
70-5B03_1	HA:Stem
F10	HA:Stem
CS10	unknown
CS3	unknown
H1N1_300-16-IgG-2C03	HA:Stem
